headline,link,cleaned_description
There can absolutely be no ‘soft-pedalling’ of May 9 riots: PM Shehbaz,https://www.dawn.com/news/1832432/there-can-absolutely-be-no-soft-pedalling-of-may-9-riots-pm-shehbaz,special meet feder cabinet way section impos islamabad punjab ahead announc pti ralli
Balochistan CM Bugti vows no soft corner for terrorists after 7 labourers shot dead in Gwadar,https://www.dawn.com/news/1832433/balochistan-cm-bugti-vows-no-soft-corner-for-terrorists-after-7-labourers-shot-dead-in-gwadar,cm bugti call open terror say never abandon bereav
Israel shells Gaza’s Rafah as Biden warns of arms suspension,https://www.dawn.com/live/gaza-invasion,dutch polic arrest propalestin demonstr univers amsterdam protest
Imran refuses to tender apology over May 9 riots,https://www.dawn.com/news/1832343/imran-refuses-to-tender-apology-over-may-9-riots,say readi face inquiri dharna alvi say real power initi dialogu
Economic crisis deepens amid political instability,https://www.dawn.com/news/1832362/economic-crisis-deepens-amid-political-instability,industrialist analyst lament govt yet develop longterm growth strategi
"Pakistan, Uzbekistan vow early work on rail project",https://www.dawn.com/news/1832350/pakistan-uzbekistan-vow-early-work-on-rail-project,uzbek fm bakhtiyor meet pm shehbaz fm dar
Combating terrorism is a ‘shared interest’ with Pakistan: US,https://www.dawn.com/news/1832330/combating-terrorism-is-a-shared-interest-with-pakistan-us,remain commit work pakistan address share threat pose terrorist group throughout region say us depart spokesperson
Opposition leaders slam military involvement in politics,https://www.dawn.com/news/1832349/opposition-leaders-slam-military-involvement-in-politics,omar ayub question given dg ispr right negoti mahmood achakzai insist institut stay within limit
Lawyers go on nationwide strike against police today,https://www.dawn.com/news/1832354/lawyers-go-on-nationwide-strike-against-police-today,scba presid say cjp favour interfer high court affair
Axe falls on another senior taxman,https://www.dawn.com/news/1832360/axe-falls-on-another-senior-taxman,sourc say fbr would issu notif suspend offic day
Top News Stories: Palestinian Casualties Rise As Israel Tighten Control In Rafah,https://www.youtube.com/watch?v=7SaqjXkygcU,
Israel Tortures and Kills Gaza’s Most Famous Doctor,https://www.youtube.com/watch?v=0espqJWo7to,
Farmers In A Frenzy: What Went Wrong?,https://www.youtube.com/watch?v=S40adzt0qk4,
How is the World Reacting to Israel’s Rafah Invasion,https://www.youtube.com/watch?v=rOFNw3D9QcY,
"DG ISPR Presser: No Hint Of Army’s Inclination To Negotiation With Imran Khan, Says Shahzeb Jillani",https://www.youtube.com/watch?v=pfH2-8gp2mo,
Gaza Truce: What Did Hamas Agree To?,https://www.youtube.com/watch?v=SB7xdieq-rc,
India BJP’s Election Videos Targeting Muslims And Opposition Spark Outrage,https://www.youtube.com/watch?v=SrYpNrSU1DU,
China’s Xi Jinping In Europe: All You Need To Know,https://www.youtube.com/watch?v=TPiCJoTlg48,
Editorial: The PTI-military stand-off is the root cause of Pakistan’s current political instability,https://www.dawn.com/news/1832365/may-9-fallout,
Pakistan’s climate policies must be guided by scientific data and scientific research,https://www.dawn.com/news/1832369,
"Power bureaucracies need to adapt to, facilitate and spur on the solar revolution",https://www.dawn.com/news/1832368,
Editorial: ECP has been unable to reflect on disasters it has wrought in the entire electoral process,https://www.dawn.com/news/1832154,
Most hated country in the world,https://www.dawn.com/news/1832152/most-hated-country-in-the-world,
Govt must show policy investors it is now fiscally prudent and very serious,https://www.dawn.com/news/1832153,
"Editorial: From the looks of it, Israel will not rest until the entire Middle East is in flames",https://www.dawn.com/news/1831995,
"Heeramandi review — is there anything beyond the glitz, glam and fairy dust?",https://images.dawn.com/news/1192424/heeramandi-review-is-there-anything-beyond-the-glitz-glam-and-fairy-dust,
Security guard shot outside rapper Drake’s home,https://images.dawn.com/news/1192425/security-guard-shot-outside-rapper-drakes-home,
"Almost a year since May 9, there will be little serious discussion on how to move forward in a meaningful way",https://www.dawn.com/news/1832002,
Fighting Pakistan’s food crisis,https://aurora.dawn.com/news/1145089/fighting-pakistans-growing-food-insecurity-crisis,
Hyundai shifting gears with the launch of IONIQ series,https://www.dawn.com/news/1832252/hyundai-shifting-gears-with-the-launch-of-ioniq-series,ioniq boast impress allelectr rang prove sustain luxuri inde go hand hand
The storytellers of D’land,https://www.dawn.com/news/1832258/the-storytellers-of-dland,let find din din delma dazel week
Pakistan’s moment of youth,https://www.dawn.com/news/1831567,
"Only way back for PTI is if it offers earnest apology, forgoes politics of anarchy: DG ISPR",https://www.dawn.com/news/1832048/only-way-back-for-pti-is-if-it-offers-earnest-apology-forgoes-politics-of-anarchy-dg-ispr,case dialogu take place polit parti appropri armi involv
Most hated country in the world,https://www.dawn.com/news/1832152/most-hated-country-in-the-world,israel america spoilt child use throw tantrum floor toy store get want
"Cartoon: 8 May, 2024",https://www.dawn.com/news/1832222/cartoon-8-may-2024,
"US shows concern over safety of Imran, other prisoners",https://www.dawn.com/news/1832193/us-shows-concern-over-safety-of-imran-other-prisoners,state depart spokesperson matthew miller reiter us take posit elect pakistan
Saudi Crown Prince MBS expected to arrive within days to seal investment deals,https://www.dawn.com/news/1832202/saudi-crown-prince-mbs-expected-to-arrive-within-days-to-seal-investment-deals,dar term talk saudi investor deleg elabor fm explain sanction wheat import ecc head
"Dubai, Baku and Belém",https://www.dawn.com/news/1832369/dubai-baku-and-belem,inde import delin role respons multipl player strengthen coordin nation provinci stakehold
The net metering dead end,https://www.dawn.com/news/1832368/the-net-metering-dead-end,
Unwelcome returns,https://www.dawn.com/news/1832367/unwelcome-returns,
Grapes of wrath,https://www.dawn.com/news/1832366/grapes-of-wrath,
Our sluggish disinflation,https://www.dawn.com/news/1832153/our-sluggish-disinflation,
May 9 fallout,https://www.dawn.com/news/1832365/may-9-fallout,import chapter close satisfactorili nation move forward
A fresh approach?,https://www.dawn.com/news/1832364/a-fresh-approach,success govern tri address problem balochistan particularli provinc
Visa fraud,https://www.dawn.com/news/1832363/visa-fraud,fia new task hand crack fraudul work visa prompt discoveri
Modi’s BJP toils as Indian elections lock 52pc seats,https://www.dawn.com/news/1832189/modis-bjp-toils-as-indian-elections-lock-52pc-seats,three haryana mla ditch modi govt join congress polic chase away muslim voter poll booth bjprule constitu
Something’s gotta give,https://www.dawn.com/news/1832002/somethings-gotta-give,establish face difficult choic pti
India’s new birth,https://www.dawn.com/news/1831727/indias-new-birth,bjp continu shepherd voter round past two elect
The Iranian story,https://www.dawn.com/news/1831996/the-iranian-story,iranian pride cultur histori suprem
Improving skills,https://www.dawn.com/news/1831725/improving-skills,success teacher find motiv within
Extra baggage,https://www.dawn.com/news/1831997/extra-baggage,bloat govern workforc hinder progress
Economic crisis deepens amid political instability,https://www.dawn.com/news/1832362/economic-crisis-deepens-amid-political-instability,
Six-month deadline extension for upgrade agreements irks refineries,https://www.dawn.com/news/1832361/six-month-deadline-extension-for-upgrade-agreements-irks-refineries,
World Bank reaffirms help for development,https://www.dawn.com/news/1832357/world-bank-reaffirms-help-for-development,
Axe falls on another senior taxman,https://www.dawn.com/news/1832360/axe-falls-on-another-senior-taxman,
CDWP clears three projects worth Rs126bn,https://www.dawn.com/news/1832358/cdwp-clears-three-projects-worth-rs126bn,
Kharif crop production prospects improve,https://www.dawn.com/news/1832359/kharif-crop-production-prospects-improve,
PCB perplexed as Amir still awaits Ireland visa,https://www.dawn.com/news/1832320/pcb-perplexed-as-amir-still-awaits-ireland-visa,
"Pakistan come back to edge Canada, face Japan in Azlan Shah Cup final",https://www.dawn.com/news/1832323/pakistan-come-back-to-edge-canada-face-japan-in-azlan-shah-cup-final,
Olympic flame arrives in Marseille amid tight security,https://www.dawn.com/news/1832319/olympic-flame-arrives-in-marseille-amid-tight-security,
Leverkusen edge closer to Dublin as another record looms,https://www.dawn.com/news/1832316/leverkusen-edge-closer-to-dublin-as-another-record-looms,
Crisis-hit Bayern banking on Kane and win over Real to change the narrative,https://www.dawn.com/news/1832085/crisis-hit-bayern-banking-on-kane-and-win-over-real-to-change-the-narrative,
Last-gasp Waheed keeps Pakistan’s unbeaten run intact,https://www.dawn.com/news/1832090/last-gasp-waheed-keeps-pakistans-unbeaten-run-intact,
Seventh mass grave found at Gaza as Israel strikes Rafah,https://www.dawn.com/news/1832337/seventh-mass-grave-found-at-gaza-as-israel-strikes-rafah,
Combating terrorism is a ‘shared interest’ with Pakistan: US,https://www.dawn.com/news/1832330/combating-terrorism-is-a-shared-interest-with-pakistan-us,
"Police, demonstrators clash at Amsterdam’s Gaza demo",https://www.dawn.com/news/1832333/police-demonstrators-clash-at-amsterdams-gaza-demo,
EU staff members protest Israel’s bombing on Gaza,https://www.dawn.com/news/1832332/eu-staff-members-protest-israels-bombing-on-gaza,
World’s record-breaking temperature streak extends through April,https://www.dawn.com/news/1832327/worlds-record-breaking-temperature-streak-extends-through-april,
Germany sees spate of attacks on politicians; minister struck on head,https://www.dawn.com/news/1832328/germany-sees-spate-of-attacks-on-politicians-minister-struck-on-head,
Security guard shot outside rapper Drake’s home,https://images.dawn.com/news/1192425/security-guard-shot-outside-rapper-drakes-home,
"Heeramandi review — is there anything beyond the glitz, glam and fairy dust?",https://images.dawn.com/news/1192424/heeramandi-review-is-there-anything-beyond-the-glitz-glam-and-fairy-dust,sanjay leela bhansali newest netflix offer opul depict lahor fame heeramandi someth miss
"‘Met Gala Massacre’ — social media slams fashion’s biggest night, the Met Gala, as Israel invades Rafah",https://images.dawn.com/news/1192421/met-gala-massacre-social-media-slams-fashions-biggest-night-the-met-gala-as-israel-invades-rafah,first monday may coincid occupi forc enter rafah million palestinian take refug
Fistula and child marriages: The two epidemics plaguing women in Gilgit-Baltistan,https://www.dawn.com/news/1823323/fistula-and-child-marriages-the-two-epidemics-plaguing-women-in-gilgit-baltistan,
2024 Elections: What’s at stake for India’s minorities?,https://www.dawn.com/news/1828987/2024-elections-whats-at-stake-for-indias-minorities,could third term narendra modi see formalis secondclass statu minor destruct countri ancient composit cultur
From screens to streets: How Gen Z is disrupting the status quo and redefining activism,https://www.dawn.com/news/1829562/from-screens-to-streets-how-gen-z-is-disrupting-the-status-quo-and-redefining-activism,safe say kid fine adult run world problem
"People with two copies of a risk gene have genetic form of Alzheimer’s, say scientists",https://www.dawn.com/news/1831980/people-with-two-copies-of-a-risk-gene-have-genetic-form-of-alzheimers-say-scientists,
Paris 2024 gearing up to face unprecedented cybersecurity threat,https://www.dawn.com/news/1831849/paris-2024-gearing-up-to-face-unprecedented-cybersecurity-threat,game organis deploy ethic hacker ai deter cyber threat
Editorial: What exactly is the objective of the new cybercrime agency that FIA could not achieve?,https://www.dawn.com/news/1831581,move like creat redund confus dilut focu actual cybercrim threat procedur chao transit new agenc
PAKISTAN’S MOMENT OF YOUTH,https://www.dawn.com/news/1831567/pakistans-moment-of-youth,
ESSAY: HAUNTED BY HER MEMORIES,https://www.dawn.com/news/1831566/essay-haunted-by-her-memories,western govern refus even acknowledg holocaust gaza particularli impact children women
PSYCHOLOGY: SINGLES AND ATTACHMENT STYLES,https://www.dawn.com/news/1831565/psychology-singles-and-attachment-styles,singlehood rise around world latest research tell us singl happi
STYLE: THE SHOWMAN AT 30,https://www.dawn.com/news/1831389/style-the-showman-at-30,
THE TUBE,https://www.dawn.com/news/1831388/the-tube,junaid zahid ahm man left shelf younger brother whose parent die forc
CINEMASCOPE: DEUCE AND ADVANTAGE,https://www.dawn.com/news/1831387/cinemascope-deuce-and-advantage,new zendaya tenni fi lm challeng review expert psycholog competit
Packaging film sector on the rise,https://www.dawn.com/news/1831798/packaging-film-sector-on-the-rise,
Tax reforms — easier than expected,https://www.dawn.com/news/1831797/tax-reforms-easier-than-expected,
Wheat’s tricky procurement,https://www.dawn.com/news/1831796/wheats-tricky-procurement,
Beware of distractions,https://www.dawn.com/news/1831327/beware-of-distractions,
Mailbox,https://www.dawn.com/news/1831326/mailbox,
Advice: Evaluation or competition?,https://www.dawn.com/news/1831325/advice-evaluation-or-competition,
Fighting Pakistan’s food crisis,https://aurora.dawn.com/news/1145089/fighting-pakistans-growing-food-insecurity-crisis,
"Interview with Imran J. Nasrullah, MD, Golden Agri-Resources",https://aurora.dawn.com/news/1145104/in-pakistan-we-have-to-be-patient-and-take-a-20-to-30-year-view-in-terms-of-getting-things-right,
Private investment in agriculture,https://aurora.dawn.com/news/1145104/in-pakistan-we-have-to-be-patient-and-take-a-20-to-30-year-view-in-terms-of-getting-things-right,
"US restrictions on chips to backfire, experts warn",https://www.chinadaily.com.cn/a/202405/09/WS663c33bfa31082fc043c61ff.html,
Brazil in limelight at Beijing International Film Festival,https://www.chinadaily.com.cn/a/202405/09/WS663c12b2a31082fc043c60d5.html,
Waves of wrong moves,https://www.chinadaily.com.cn/a/202405/09/WS663c11e8a31082fc043c60d0.html,
"US restrictions on chips to backfire, experts warn",https://www.chinadaily.com.cn/a/202405/09/WS663c33bfa31082fc043c61ff.html,
Brazil in limelight at Beijing International Film Festival,https://www.chinadaily.com.cn/a/202405/09/WS663c12b2a31082fc043c60d5.html,
Waves of wrong moves,https://www.chinadaily.com.cn/a/202405/09/WS663c11e8a31082fc043c60d0.html,
